name,realname
AMSTON,HEBRON
ANDOVER,ANDOVER
ANSONIA,ANSONIA
ASHFORD,ASHFORD
AVON,AVON
BALLOUVILLE,KILLINGLY
BALTIC,SPRAGUE
BANFORD,BRANFORD
BANKSVILLE,GREENWICH
BANTAM,LITCHFIELD
BARKHAMSTED,BARKHAMSTED
BEACON FALLS,BEACON FALLS
BELLE HAVEN,GREENWICH
BERLIN,BERLIN
BETHANY,BETHANY
BETHEL,BETHEL
BETHELHEM,BETHLEHEM
BETHLEHEM,BETHLEHEM
BLACK HALL,OLD LYME
BLACK POINT,NORFOLK
BLOOMFIELD,BLOOMFIELD
BOLTON,BOLTON
BOTSFORD,NEWTOWN
BOZRAH,BOZRAH
BRANCHVILLE,RIDGEFIELD
BRANFORD,BRANFORD
BRIDGEORT,BRIDGEPORT
BRIDGEPORT,BRIDGEPORT
BRIDGEWATER,BRIDGEWATER
BRIGEPORT,BRIDGEPORT
BRISTOL,BRISTOL
BROAD BROOK,EAST WINDSOR
BROADBROOK,EAST WINDSOR
BROOKFIELD,BROOKFIELD
BROOKFIELD JCT,BROOKFIELD
BROOKLUN,BROOKLYN
BROOKLYN,BROOKLYN
BURLINGTON,BURLINGTON
BYRAM,GREENWICH
CANAAN,CANAAN
CANNONDALE,WILTON
CANTERBURY,CANTERBURY
CANTON,CANTON
CANTON CENTER,CANTON
CAUTERBURY,CANTERBURY
CENTERBROOK,ESSEX
CENTERVILLE,HAMDEN
CHAPLIN,CHAPLIN
CHESHIE,CHESHIRE
CHESHIRE,CHESHIRE
CHESHIRE HEIGHTS,CHESHIRE
CHESHIREDALY,CHESHIRE
CHESTER,CHESTER
CHESTERFIELD,MONTVILLE
CITY OF GROTON,GROTON
CLINTON,CLINTON
COBALT,EAST HAMPTON
COLCHESTER,COLCHESTER
COLEBROOK,COLEBROOK
COLLINSVILLE,CANTON
COLUMBIA,COLUMBIA
CORNWALL,CORNWALL
CORNWALL BRG,CORNWALL
CORNWALL BRIDGE,CORNWALL
COS COB,GREENWICH
COVENTRY,COVENTRY
CROMWELL,CROMWELL
DANBURY,DANBURY
DANIELSON,KILLINGLY
DARIEN,DARIEN
DARLIN,DARIEN
DAYVILLE,KILLINGLY
DEEP RIVER,DEEP RIVER
DERBY,DERBY
DEVON,MILFORD
DOBSONVILLE,VERNON
DURHAM,DURHAM
DURHAM CENTER,DURHAM
E GLASTONBURY,GLASTONBURY
E GRANBY,EAST GRANBY
E HADDAM,EAST HADDAM
E HAMPTON,EAST HAMPTON
E HARTFORD,EAST HARTFORD
E HAVEN,EAST HAVEN
E KILLINGLY,KILLINGLY
E WINDSOR HL,EAST WINDSOR
EAST BERLIN,BERLIN
EAST CANAAN,NORTH CANAAN
EAST COVENTRY,COVENTRY
EAST GRANBY,EAST GRANBY
EAST HADDAM,EAST HADDAM
EAST HAMPTON,EAST HAMPTON
EAST HARFORD,EAST HARTFORD
EAST HARTFORD,EAST HARTFORD
EAST HARTLAND,HARTLAND
EAST HAVEN,EAST HAVEN
EAST KILLINGLY,KILLINGLY
EAST LITCHFIELD,LITCHFIELD
EAST LYME,EAST LYME
EAST NORWALK,NORWALK
EAST PUTNAM,PUTNAM
EAST RIVER,GUILFORD
EAST SUFFIELD,SUFFIELD
EAST WINDSOR,EAST WINDSOR
EASTFORD,EASTFORD
EASTHAMPTON,EAST HAMPTON
EASTON,EASTON
EETHEL,BETHEL
ELLINGTON,ELLINGTON
ENFIELD,ENFIELD
ESSEX,ESSEX
EST HARTFORD,EAST HARTFORD
FAIRFIEDL,FAIRFIELD
FAIRFIELD,FAIRFIELD
FALLS VILLAGE,CANAAN
FARMINGTON,FARMINGTON
FITCHVILLE,BOZRAH
FORESTVILLE,BRISTOL
FORRESTVILLE,BRISTOL
FRANKLIN,FRANKLIN
GALES FERRY,LEDYARD
GALSTONBURY,GLASTONBURY
GAYLORDSVILLE,NEW MILFORD
GLASTONBURY,GLASTONBURY
GOSHEN,GOSHEN
GOSHEN CENTER,GOSHEN
GRANBY,GRANBY
GREENWICH,GREENWICH
GRISWOLD,GRISWOLD
GROTON,GROTON
GROTON CITY OF,GROTON
GROTON LONG POINT,GROTON
GROTON LONG PT,GROTON
GUILFORD,GUILFORD
HADDAM,HADDAM
HADDAM NECK,HADDAM
HADLYME,EAST LYME
HAMDEN,HAMDEN
HAMPTON,HAMPTON
HARFFORD,HARTFORD
HARFORD,HARTFORD
HARTFOORD,HARTFORD
HARTFORD,HARTFORD
HARTLAND,HARTLAND
HARTSFORD,HARTFORD
HARWINGTON,HARWINTON
HARWINTON,HARWINTON
HAWLEYVILLE,NEWTOWN
HEBRON,HEBRON
HIGGANUM,HADDAM
HIGHWOOD,HAMDEN
HOTCHKISS GROVE,BRANFORD
IVORYTON,ESSEX
JEWETT CITY,GRISWOLD
KENSINGTON,BERLIN
KENT,KENT
KILLINGLY,KILLINGLY
KILLINGWORTH,KILLINGWORTH
LAKEVILLE,SALISBURY
LEBANON,LEBANON
LEDYARD,LEDYARD
LISBON,LISBON
LITCHFIELD,LITCHFIELD
LYME,LYME
MADISON,MADISON
MANSFIELD,MANSFIELD
MANSFIELD CENTER,MANSFIELD
MANSFIELD CTR,MANSFIELD
MARLBOROUGH,MARLBOROUGH
MARNE AVENUE,FAIRFIELD
MASHANTUCKET,LEDYARD
MERIDEN,MERIDEN
MIDDLE HADDAM,HADDAM
MIDDLEBURY,MIDDLEBURY
MDBY,MIDDLEBURY
MIDDLEFIELD,MIDDLEFIELD
MIDDLETOWN,MIDDLETOWN
MILFORD,MILFORD
MILLDALE,SOUTHINGTON
MONROE,MONROE
MONTVILLE,MONTVILLE
MOODUS,EAST HADDAM
MOOSUP,PLAINFIELD
MORRIS,MORRIS
MYSTIC,NEW LONDON
N FRANKLIN,FRANKLIN
N HAVEN,NEW HAVEN
NAUGATUCK,NAUGATUCK
NE HAVEN,NEW HAVEN
NE WLONDON,NEW LONDON
NEW BRITAIN,NEW BRITAIN
NEW BRITIAN,NEW BRITAIN
NEW CANAAN,NEW CANAAN
NEW CANNAN,NEW CANAAN
NEW FAIRFIELD,NEW FAIRFIELD
NEW HARTFORD,NEW HARTFORD
NEW HAVEN,NEW HAVEN
NEW LONDON,NEW LONDON
NEW MILFORD,NEW MILFORD
NEW PRESTON,WASHINGTON
NEWHAVEN,NEW HAVEN
NEWINGTON,NEWINGTON
NEWTOWN,NEWTOWN
NIANIC,EAST LYME
NIANTIC,EAST LYME
NOANK,GROTON
NORFOLK,NORFOLK
NOROTON,DARIEN
NORTH BRANFORD,NORTH BRANFORD
NORTH CANAAN,NORTH CANAAN
NORTH CANTON,CANTON
NORTH COLEBROOK,COLEBROOK
NORTH FRANKLIN,NEW LONDON
NORTH GRANBY,GRANBY
NORTH GROSVENORDALE,THOMPSON
NORTH HAVEN,NORTH HAVEN
NORTH SOMERS,SOMERS
NORTH STONINGTON,NORTH STONINGTON
NORTH WINDHAM,WINDHAM
NORTHFIELD,LITCHFIELD
NORTHFORD,NORTH HAVEN
NORWALK,NORWALK
NORWICH,NORWICH
OAKDALE,MONTVILLE
OAKVILLE,WATERTOWN
OLD GREENWICH,GREENWICH
OLD LYME,OLD LYME
OLD SAYBROOK,OLD SAYBROOK
ONECO,STERLING
ORANGE,ORANGE
OXFORD,OXFORD
PAWCATUCK,STONINGTON
PEQUABUCK,PLYMOUTH
PINE MEADOW,NEW HARTFORD
PLAINFIELD,PLAINFIELD
PLAINVILLE,PLAINVILLE
PLANTSVILLE,SOUTHINGTON
PLEASANT VALLEY,BARKHAMSTED
PLEASANT VLY,BARKHAMSTED
PLYMOUTH,PLYMOUTH
POMFRET,POMFRET
POQUONOCK,WINDSOR
PORTLAND,PORTLAND
PRESTON,PRESTON
PROSPECT,PROSPECT
PUTNAM,PUTNAM
PUTNAM HEIGHTS,PUTNAM
QUAKER HILL,WATERFORD
REDDING,REDDING
RIDGEFIELD,RIDGEFIELD
RIVERSIDE,GREENWICH
RIVERTON,BARKHAMSTED
ROCKFALL,MIDDLEFIELD
ROCKVILLE,VERNON
ROCKY HILL,ROCKY HILL
ROGERS,KILLINGLY
ROXBURY,ROXBURY
S GLASTONBURY,GLASTONBURY
S KENT,KENT
SALEM,SALEM
SALISBURY,SALISBURY
SANDY HOOK,NEWTOWN
SCOTLAND,SCOTLAND
SEYMOUR,SEYMOUR
SHARON,SHARON
SHELTON,SHELTON
SHERMAN,SHERMAN
SIMSBURY,SIMSBURY
SOMERS,SOMERS
SOUTH CANAAN,CANAAN
SOUTH GLASTONBURY,GLASTONBURY
SOUTH KENT,KENT
SOUTH WINDHAM,WINDHAM
SOUTH WINDSOR,SOUTH WINDSOR
SOUTHBURY,SOUTHBURY
SOUTHINGTON,SOUTHINGTON
SOUTHPORT,FAIRFIELD
SPRAGUE,SPRAGUE
ST HARTFRD,HARTFORD
STAFFORD,STAFFORD
STAFFORD SPRINGS,STAFFORD
STAFFORD SPRING,STAFFORD
STAFFORDVILLE,STAFFORD
STAMFORD,STAMFORD
STERLING,STERLING
STEVENSON,MONROE
STONINGTON,STONINGTON
STONY CREEK,BRANFORD
STORRIS,MANSFIELD
STORRS,MANSFIELD
STORRS MANFLD,MANSFIELD
STORRS MANSFIELD,MANSFIELD
STORRS-MANSFIELD,MANSFIELD
STRATFORD,STRATFORD
SUFFIELD,SUFFIELD
TAFTVILLE,NORWICH
TALCOTTVILLE,VERNON
TARIFFVILLE,SIMSBURY
TERRYVILLE,LITCHFIELD
THOMASTON,THOMASTON
THOMPSON,THOMPSON
TOLLAND,TOLLAND
TORRINGTON,TORRINGTON
TORRRINGTON,TORRINGTON
TRUMBULL,TRUMBULL
UNCASVILLE,MONTVILLE
UNION,UNION
UNION CITY,NAUGATUCK
UNIONVILLE,FARMINGTON
VERNON,VERNON
VERNON ROCKVILLE,VERNON
VOLUNTOWN,VOLUNTOWN
WALLINGFORD,WALLINGFORD
WAREHOUSE POINT,EAST WINDSOR
WARREN,WARREN
WASHINGTON,WASHINGTON
WASHINGTON DEPOT,WASHINGTON
WATERBURY,WATERBURY
WATERFORD,WATERFORD
WATERTOWN,WATERTOWN
WAUREGAN,PLAINFIELD
WEATOGUE,SIMSBURY
WEST CORNWALL,CORNWALL
WEST GRANBY,GRANBY
WEST HARTFORD,WEST HARTFORD
WEST HARTLAND,HARTLAND
WEST HAVEN,WEST HAVEN
WEST MORRIS,LITCHFIELD
WEST SIMSBURY,SIMSBURY
WEST SUFFIELD,SUFFIELD
WESTBROOK,WESTBROOK
WESTON,WESTON
WESTPORT,WESTPORT
WETHERSFIELD,WETHERSFIELD
WILLIMANTIC,WINDHAM
WILLINGTON,WILLINGTON
WILTON,WILTON
WINCHESTER,WINCHESTER
WINDHAM,WINDHAM
WINDHAM CENTER,WINDHAM
WINDSOR,WINDSOR
WINDSOR LOCKS,WINDSOR LOCKS
WINDSORVILLE,EAST WINDSOR
WINSTED,WINCHESTER
WOLCOTT,WOLCOTT
WOODBRIDGE,WOODBRIDGE
WOODBURY,WOODBURY
WOODSTOCK,WOODSTOCK
WOODSTOCK VALLEY,WOODSTOCK
YALESVILLE,WALLINGFORD
DUNBURY,DANBURY
WATERBURRY,WATERBURY
WEST HARDFORD,WEST HARTFORD
NEWBRITAIN,NEW BRITAIN
HAMDEM,HAMDEN
TRUMBALL,TRUMBULL
SO GLASTONBURY,GLASTONBURY
NEWOTWN,NEWTOWN
STONGINGTON,STONINGTON
STAFFORD SPGS,STAFFORD
WALLIGFORD,WALLINGFORD
BRDIEGPORT,BRIDGEPORT
WEST HARTFDORD,WEST HARTFORD
MERIDAN,MERIDEN
MANCHESSTER,MANCHESTER
MANCHESTER,MANCHESTER
RIEGEFIELD,RIDGEFIELD
GRIWSOLD,GRISWOLD
BLOOMFIRLD,BLOOMFIELD
WEWSTPORT,WESTPORT
HARTAFORD,HARTFORD
HADDAN,HADDAM
WESTHAVEN,WEST HAVEN
WEST WILLINGTON,WILLINGTON
BETANY,BETHANY
NAUGHTUCK,NAUGATUCK
DAINELSON,KILLINGLY
N GROSVENORNDALE,THOMPSON
NO. BRANFORD,NORTH BRANFORD
STMFORD,STAMFORD
SAILSBURY,SALISBURY
WETHERSFEILD,WETHERSFIELD
NO. GROSVENORDALE,THOMPSON
GREENWICK,GREENWICH
MASHANRUCKET,LEDYARD
TERRYVILE,PLYMOUTH
HIGGUNAM,HADDAM
ENFILED,ENFIELD
POMFRETR,POMFRET
SOMERVILLE,SOMERS
DIRBY,DERBY
SOUTHINGTONB,SOUTHINGTON
NEWINGTOWN,NEWINGTON
WINDSOR LOKS,WINDSOR LOCKS
WALLINGFROD,WALLINGFORD
NEWCANAAN,NEW CANAAN
WINSOR LOCKS,WINDSOR LOCKS
DANBUY,DANBURY
ANSOINA,ANSONIA
NAUGATUC,NAUGATUCK
POMFRED CENTER,POMFRET
BRIDGPEORT,BRIDGEPORT
WILLINGFORD,WALLINGFORD
WATERBUTY,WATERBURY
WOOBURY,WOODBURY
DARIAN,DARIEN
PLANTISVILLE,PLAINVILLE
S.GLASTONBURY,GLASTONBURY
FAIRIFELD,FAIRFIELD
BRIDGEPOR,BRIDGEPORT
WATERURY,WATERBURY
WINDOSR,WINDSOR
BLOOMFIED,BLOOMFIELD
MANSFIELD STORRS,MANSFIELD
LICHFIELD,LITCHFIELD
N.FRANKLIN,FRANKLIN
HTFORD,HARTFORD
NO. HAVEN,NORTH HAVEN
BRIDGE PORT,BRIDGEPORT
W. HARTLAND,HARTLAND
WEST HARFROD,WEST HARTFORD
BPT,BRIDGEPORT
FAIFIELD,FAIRFIELD
WARERTOWN,WATERTOWN
STAFMORD,STAMFORD
ESTON,EASTON
MANCHERSTER,MANCHESTER
STRAFORD,STRATFORD
CHEATER,CHESTER
TORRINTON,TORRINGTON
WATERBURTY,WATERBURY
EBFIELD,ENFIELD
WALLINGTON,WALLINGFORD
SCOTTLAND,SCOTLAND
W. HAVEN,WEST HAVEN
NEW BRITAN,NEW BRITAIN
CANTEBURY,CANTERBURY
WEST HARTFRORD,WEST HARTFORD
E. HTFD,EAST HARTFORD
WATERTWON,WATERTOWN
NORTH GROVENORDALE,THOMPSON
NAUGATUCT,NAUGATUCK
SO. WINDSOR,SOUTH WINDSOR
SHELDON,SHELTON
NEW HAVEN`,NEW HAVEN
FARFIELD,FAIRFIELD
OADALE,MONTVILLE
GLASTONBURUY,GLASTONBURY
PORT CHESTER,CHESTER
WILLIMNATIC,WINDHAM
HARTFOD,HARTFORD
CONVENTRY,COVENTRY
WATERBURY.,WATERBURY
WETHERSFILED,WETHERSFIELD
WATERBUY,WATERBURY
OLD MYSTIC,GROTON
BRITAIN,NEW BRITAIN
NEW BRITTAN,NEW BRITAIN
NEW BRITAIN Q,NEW BRITAIN
PROPECT,PROSPECT
SOUTH GASTONBURY,GLASTONBURY
TORINGTON,TORRINGTON
QUAKER HILLS,WATERFORD
NORWLAK,NORWALK
THOMSTON,THOMPSON
TRUUMBULL,TRUMBULL
CENTRAL VILLAGE,PLAINFIELD
HTFD,HARTFORD
WESPORT,WESTPORT
STANFORD,STAMFORD
WEATHERSFIELD,WETHERSFIELD
HARWIINTON,HARWINTON
W HARTFORD,WEST HARTFORD
CHESIRE,CHESHIRE
MARION,SOUTHINGTON
E. HARTFORD,EAST HARTFORD
WATEBURY,WATERBURY
BRIDGPORT,BRIDGEPORT
GEORGETOWN,WILTON
ROCKY HILL 06067,ROCKY HILL
SOUTH MERIDEN,MERIDEN
YANTIC,NORWICH
WEST HARFORD,WEST HARTFORD
GREEWICH,GREENWICH
WEST REDDING,REDDING
SOMERSVILLE,SOMERS
ROCK HILL,ROCKY HILL
NAUAGTUCK,NAUGATUCK
NEWLONDON,NEW LONDON
FAIRIFIELD,FAIRFIELD
SOUTH LYME,OLD LYME
BRIDGGEPORT,BRIDGEPORT
ROWAYTON,NORWALK
POMFRET CENTER,POMFRET
SOUTH NORWALK,NORWALK
BRIDGEPROT,BRIDGEPORT
NAUGTAUCK,NAUGATUCK
NEW PRESTON MARBLE DALE,WASHINGTON
WEST  HAVEN,WEST HAVEN
BRIDEGPORT,BRIDGEPORT
BRIDEGEPORT,BRIDGEPORT
NOWALK,NORWALK
HANOVER,SPRAGUE
NEW  HAVEN,NEW HAVEN
HARTFORT,HARTFORD
QUARKER HILL,WATERFORD
WATREBURY,WATERBURY
STAMFROD,STAMFORD
WINCHESTER CENTER,WINCHESTER
WEST GRANY,GRANBY
MISTIC,NEW LONDON
COB COS,GREENWICH
WOOSTOCK,WOODSTOCK
QUINEBAUG,THOMPSON
FAIRFELD,FAIRFIELD
EAST HAMTPON,EAST HAMPTON
NEW BITAIN,NEW BRITAIN
WEST GRANBY.,GRANBY
THOMASTOM,THOMASTON
BRIDGESPORT,BRIDGEPORT
BETHLEHAM,BETHLEHEM
MNROE,MONROE
BETEL,BETHEL
STAMFOD,STAMFORD
EASY LYME,EAST LYME
WESTPORTC,WESTPORT
TRUMUBULL,TRUMBULL
MANSFIELDR,MANSFIELD
NEW CAANAN,NEW CANAAN
GRENWICH,GREENWICH
SIMBSBURY,SIMSBURY
NORWAK,NORWALK
EAST CANAN,NORTH CANAAN
HARTFORRD,HARTFORD
STRAFFORD,STRATFORD
STARTFORD,STRATFORD
WESDT HAVEN,WEST HAVEN
STRARFORD,STRATFORD
FAIRFIRLED,FAIRFIELD
BRDGEPORT,BRIDGEPORT
SOUTHIGNTON,SOUTHINGTON
06033,GLASTONBURY
GREENWCIH,GREENWICH
WESTORT,WESTPORT
CHESCHIRE,CHESHIRE
MANSFIELD CITY,MANSFIELD
SHARON SPRINGS,SHARON
NAUGUTACK,NAUGATUCK
EASTHARTFORD,EAST HARTFORD
MONREO,MONROE
NORTH BRANFORD (NORTHFORD SECT,NORTH BRANFORD
LAKEVIEW,SALISBURY
RDGEFIELD,RIDGEFIELD
NEW HAVEN  SUITE 698,NEW HAVEN
WETHERFIELD,WETHERSFIELD
MARBLEDALE,WASHINGTON
SOUTH SALEM,SALEM
FAIR HAVEN,NEW HAVEN
SOUTHINT,SOUTHINGTON
BRIDGEPORTR,BRIDGEPORT
HARTFROD,HARTFORD
HAMDAM,HAMDEN
TORRIGTON,TORRINGTON
MILLFORD,MILFORD
SAMFORD,STAMFORD
B RIDGEPORT,BRIDGEPORT
ROCKYHILL,ROCKY HILL
N. FRANKLIN,FRANKLIN
SOUTHBERRY,SOUTHBURY
SIMBSURY,SIMSBURY
WTBY,WATERBURY
GREEN FARMS,WESTPORT
SOUTH WOODSTOCK,WOODSTOCK
NEWTON,NEWTOWN
WEST HTFD,WEST HARTFORD
REDDING RIDGE,REDDING
LAKESIDE,MORRIS
WEST NORWALK,NORWALK
NORWICHTOWN,NORWICH
EAST WOODSTOCK,WOODSTOCK
EAST GLASTONBURY,GLASTONBURY
BLACK ROCK,BRIDGEPORT
BRANDFORD,BRANFORD
FARIFIELD,FAIRFIELD
MONORE,MONROE
EAST HTFD,EAST HARTFORD
NO HAVEN,NORTH HAVEN
WALLINFORD,WALLINGFORD
BARKHAMSTEAD,BARKHAMSTED
RIDGFIELD,RIDGEFIELD
FAIRFILED,FAIRFIELD
NORTH GUILFORD,GUILFORD
BPT.,BRIDGEPORT
GREENWHICH,GREENWICH
FFLD,FAIRFIELD
WESTHARTFORD,WEST HARTFORD
NEW BRIATIN,NEW BRITAIN
VERNON-ROCKVILLE,VERNON
MANSFIELDR.,MANSFIELD
BLOOMFILED,BLOOMFIELD
HARTOFRD,HARTFORD
COSCOB,GREENWICH
VERNON/ROCKVILLE,VERNON
FAIRFEILD,FAIRFIELD
SIMBURY,SIMSBURY
GREENWICH (COS COB),GREENWICH
HTFD.,HARTFORD
WEST PORT,WESTPORT
JEWITT CITY,GRISWOLD
VERNON ROCKVL,VERNON
MANSFIELD DEPOT,MANSFIELD
STORRS/MANSFIELD,MANSFIELD
SANDYHOOK,NEWTOWN
WATERBNURY,WATERBURY
WALLINGOFRD,WALLINGFORD
NEW CANAN,NEW CANAAN
CHEHSIRE,CHESHIRE
STAMFORDCT,STAMFORD
NEW HAVEN CONNECTICUT,NEW HAVEN
06896,REDDING
BGRIDGEPORT,BRIDGEPORT
BLOOMFIELDCT,BLOOMFIELD
BLOOMSFIELD,BLOOMFIELD
BRIFGEPORT,BRIDGEPORT
BRISTROL,BRISTOL
CHERSIRE,CHESHIRE
COLCHESTER COMMONS,COLCHESTER
CROMEWLL,CROMWELL
DANBRY,DANBURY
DANDURY,DANBURY
DAREIN,DARIEN
EAST FAIRFIELD,FAIRFIELD
HARTFRORD,HARTFORD
WEST HARTFOR,HARTFORD
UIONVILLE,FARMINGTON
UNIOVILLE,FARMINGTON
VERMON,VERNON
SEYMORE,SEYMOUR
SATMFORD,STAMFORD
PLANTVILLE,PLAINVILLE
PLAINVILLLE,PLAINVILLE
NEWTOWON,NEWTOWN
NEW HEAVEN,NEW HAVEN
NEW HAVN,NEW HAVEN
MIFORD,MILFORD
MIILFORD,MILFORD
MIDDLEOTWN,MIDDLETOWN
MANCESTER,MANCHESTER
MADISION,MADISON
ABINGTON,POMFRET
ELLIOTTS,POMFRET
HUNTINGTON,SHELTON
ROCKY HIL,ROCKY HILL
WATERBURYY,WATERBURY
MONTIVLLE,MONTVILLE
TERYVILLE,LITCHFIELD
MEW BRITAIN,NEW BRITAIN
GLATSONBURY,GLASTONBURY
BRIDGEPORT,BRIDGEPORT
BRIDEPORT,BRIDGEPORT
NREW BRITAIN,NEW BRITAIN
MARLBOUGH,MARLBOROUGH
WTERBURY,WATERBURY
QUACKER HILL,WATERFORD
PRESEON,PRESTON
NW BRITAIN,NEW BRITAIN
SOUTH HARTFORD,HARTFORD
EAST HARTORD,EAST HARTFORD
STAMCORD,STAMFORD
BRIDGEPORGT,BRIDGEPORT
MAINSFIELD,MANSFIELD
WATERBUR,WATERBURY
NUGATUCK,NAUGATUCK
VERNONN,VERNON
WINDS,WINDSOR
DANBURYC,DANBURY
BROOKYLYN,BROOKLYN
PLAINVILE,PLAINVILLE
WINDAHM,WINDHAM
QUINEBAUGTHOMPSON,THOMPSON
NORWWALK,NORWALK
GROTONMYSTIC,GROTON
HIGGANUM HADDAM,HADDAM
COLLINSVILLE CANTON,CANTON
FORESTVILLEBRISTOL,BRISTOL
SUFIELD,SUFFIELD
BRIDGEPORPT,BRIDGEPORT
FAIRHAVEN,NEW HAVEN
EW BRITAIN,NEW BRITAIN
BRISTIOL,BRISTOL
BROOKYLN,BROOKLYN
BROAD BRROK,EAST WINDSOR
UNCASEVILLE,MONTVILLE
NORTH HARTFORD,HARTFORD
MEIRDEN,MERIDEN
WATBURY,WATERBURY
WAUREAGAN,PLAINFIELD
WAUREGAN PLAINFIELD,PLAINFIELD
MOOSUPPLAINFIELD,PLAINFIELD
STTAFFORD SPRINGS,STAFFORD
WILLMANTIC,WINDHAM
PAWCATUCK STONINGTON,STONINGTON
WATERBIURY,WATERBURY
MIDLETOWN,MIDDLETOWN
NORTH GROVESNORDALE,THOMPSON
ROCKVILE,VERNON
BALLIOUVILLE,KILLINGLY
NAUGTUCK,NAUGATUCK
PLANTSVILE AKA SOUTHINGTON,SOUTHINGTON
WAREHOUSE POINT E WINDSOR,EAST WINDSOR
WEATOUGE,SIMSBURY
COLECHESTER,COLCHESTER
HARTFOR,HARTFORD
WATEREBURY,WATERBURY
MERDIDEN,MERIDEN
SOUTHINGTN,SOUTHINGTON
TAFTVILLENORWICH,NORWICH
NEW HAVEN HAMDEN,HAMDEN
GLSTONBURY,GLASTONBURY
CHAPLAIN,CHAPLIN
NORWIH,NORWICH
ROCKY HILLE,ROCKY HILL
NEWNINGTON,NEWINGTON
NAUGATUCK AVE,NAUGATUCK
MANSFILED DEPOT,MANSFIELD
HARTFORDCT,HARTFORD
STAMDORD,STAMFORD
EAST GRANDY,EAST GRANBY
TAFVILLE,NORWICH
BRISTL,BRISTOL
BROOKLYN RD,BROOKLYN
NEW BRITAINQ,NEW BRITAIN
OAKDALE ROAD,MONTVILLE
ROCKVILLEVERNON,VERNON
GILMAN,BOZRAH
DANIELSON KILLINGLY,KILLINGLY
PLANFIELD,PLAINFIELD
WATERBJRY,WATERBURY
TERRYVILLE PLYMOUTH,PLYMOUTH
LEBANNON,LEBANON
STATFORD,STRATFORD
BBERLIN,BERLIN
WTAERBURY,WATERBURY
GREENWICHCT,GREENWICH
DANELSON,KILLINGLY
BLATIC,SPRAGUE
WATEFORD,WATERFORD
NEW BRIAIN,NEW BRITAIN
DAYVILLEKILLINGLY,KILLINGLY
UNCAVILLE,MONTVILLE
NORTH STONNINGTON,NORTH STONINGTON
PLAINTIVILLE,PLAINVILLE
TAFTVILLE NORWICH,NORWICH
OAKDALE MONTVILLE,NORWICH
NORTH STAMFORD,STAMFORD
NORWICH TAFTVILLE,NORWICH
GAYLORDSVILLENEW MILFORD,MILFORD
GROSVENDORALE,THOMPSON
EAST HADDAM MOODUS,EAST HADDAM
NAUGATCK,NAUGATUCK
STORRSMANSFIELD,MANSFIELD
GALESFERRY,LEDYARD
STRATOFRD,STRATFORD
GUIFORD,GUILFORD
TARIFFVILLE SIMSBURY,SIMSBURY
WAERBURY,WATERBURY
TORRINGOTN,TORRINGTON
ROGERS KILLINGLY,KILLINGLY
OLY LYME,OLD LYME
WAATERBURY,WATERBURY
WATERBUJRY,WATERBURY
NORWICN,NORWICH
BROAD BROOK EAST WINDSOR,EAST WINDSOR
MYSTIC GROTON,GROTON
NIANTIC EAST LYME,EAST LYME
RIDGEFILED,RIDGEFIELD
NDEWINGTON,NEWINGTON
NORTH WINDAM,WINDHAM
VERNON ROCVKILLE,VERNON
JEWETTY CITY,GRISWOLD
WAUREGANPLAINFIELD,PLAINFIELD
ST JAMES ROW,KILLINGLY